function,second,minute,hour,day,month,year,century
lgn,18521503,1.149671e+436,3.37284E+26246,1.682491e+627927,?,?,?
sqrtn,582,2.10E+06,7.55E+09,4.35E+12,3.94E+15,3.92E+15,3.92E+19
n,24,1448,86913,2.09E+06,6.26E+07,7.51E+08,7.51E+10
nlgn,8,160,28800,691200,20736000,2.49E+08,2.49E+10
n^2,5,38,295,1444,7910,27403,274031
n^3,3,11,44,127,292,908,4218
2^n,4,10,16,21,26,29,36
n!,?,?,?,?,?,?,?
